Contract,No,Yes
Month-to-month,0.5729032258064516,0.4270967741935484
One year,0.8872282608695652,0.11277173913043478
Two year,0.971513353115727,0.028486646884272996
